단축코드,한글 종목명
098120,(주)마이크로컨텍솔루션
009520,(주)포스코엠텍
095570,AJ네트웍스보통주
006840,AK홀딩스보통주
282330,BGF리테일보통주
027410,BGF보통주
138930,BNK금융지주보통주
001460,BYC보통주
001040,CJ보통주
011150,CJ씨푸드보통주
058820,CMG제약
000590,CS홀딩스보통주
012030,DB Inc.보통주
005830,DB손해보험보통주
016610,DB증권보통주
000990,DB하이텍보통주
001530,DI동일보통주
000210,DL보통주
375500,DL이앤씨보통주
155660,DSR보통주
069730,DSR제강보통주
017860,DS단석보통주
017940,E1보통주
365550,ESR켄달스퀘어리츠보통주
050120,ES큐브
383220,F&F보통주
007700,F&F홀딩스
006360,GS건설보통주
078930,GS보통주
012630,HDC보통주
294870,HDC현대산업개발보통주
097230,HJ중공업보통주
014790,HL D&I보통주
024850,HLB이노베이션
204320,HL만도보통주
060980,HL홀딩스보통주
035000,HS애드보통주
003560,IHQ보통주
015360,INVENI보통주
175330,JB금융지주보통주
234080,JW생명과학보통주
001060,JW중외제약보통주
096760,JW홀딩스 보통주
105560,KB금융지주 보통주
432320,KB스타리츠보통주
024120,KB오토시스
009070,KCTC 보통주
044180,KD
003620,KG모빌리티보통주
016380,KG스틸보통주
001390,KG케미칼보통주
033180,KH 필룩스보통주
001940,KISCO홀딩스보통주
025000,KPX케미칼보통주
092230,KPX홀딩스보통주
000040,KR모터스보통주
093050,LF보통주
034220,LG디스플레이보통주
003550,LG보통주
051900,LG생활건강보통주
373220,LG에너지솔루션보통주
032640,LG유플러스보통주
011070,LG이노텍보통주
066570,LG전자보통주
051910,LG화학보통주
079550,LIG넥스원보통주
010120,LS ELECTRIC보통주
000680,LS네트웍스보통주
006260,LS보통주
229640,LS에코에너지보통주
108320,LX세미콘보통주
001120,LX인터내셔널보통주
086960,MDS테크
023150,MH에탄올보통주
035420,NAVER보통주
181710,NHN보통주
338100,NH프라임리츠보통주
034310,NICE보통주
063570,NICE인프라
008260,NI스틸보통주
004250,NPC보통주
456040,OCI보통주
010950,S-Oil보통주
005090,SGC에너지보통주
001380,SG글로벌보통주
001770,SHD보통주
002360,SH에너지화학보통주
009160,SIMPAC보통주
123700,SJM보통주
025530,SJM홀딩스보통주
011790,SKC보통주
018670,SK가스보통주
001740,SK네트웍스보통주
210980,SK디앤디보통주
395400,SK리츠보통주
034730,SK보통주
402340,SK스퀘어보통주
260870,SK시그넷
361610,SK아이이테크놀로지보통주
100090,SK오션플랜트보통주
096770,SK이노베이션 보통주
001510,SK증권보통주
285130,SK케미칼보통주
017670,SK텔레콤보통주
003570,SNT다이내믹스보통주
064960,SNT모티브보통주
100840,SNT에너지보통주
036530,SNT홀딩스보통주
005610,SPC삼립보통주
465770,STX그린로지스보통주
011810,STX보통주
077970,STX엔진보통주
084870,TBH글로벌보통주
002710,TCC스틸보통주
024070,WISCOM보통주
079940,가비아
078890,가온그룹
000500,가온전선보통주
399720,가온칩스
296520,가이아코퍼레이션
036620,감성코퍼레이션
000860,강남제비스코보통주
198440,강동씨앤엘
217730,강스템바이오텍
035250,강원랜드보통주
114190,강원에너지
094480,갤럭시아머니트리
011420,갤럭시아에스엠보통주
039240,경남스틸
053950,경남제약
002100,경농보통주
009450,경동나비엔보통주
267290,경동도시가스보통주
012320,경동인베스트보통주
011040,경동제약
000050,경방보통주
214390,경보제약보통주
012610,경인양행보통주
009140,경인전자보통주
024910,경창산업
013580,계룡건설산업보통주
012200,계양전기보통주
002140,고려산업보통주
049720,고려신용정보
010130,고려아연보통주
002240,고려제강보통주
014570,고려제약
348150,고바이오랩
950190,고스트스튜디오
098460,고영테크놀러지
035290,골드앤에스
215000,골프존
121440,골프존홀딩스
366030,공구우먼
009290,광동제약보통주
086220,광동헬스바이오
014200,광림
017040,광명전기보통주
029480,광무
017900,광전자보통주
037710,광주신세계보통주
026910,광진실업
456490,교보14호기업인수목적
465320,교보15호기업인수목적
482520,교보16호기업인수목적
489210,교보17호기업인수목적
030610,교보증권보통주
339770,교촌에프앤비보통주
053270,구영테크
007690,국도화학보통주
066620,국보디자인
001140,국보보통주
043650,국순당
006050,국영지앤엠
060480,국일신동
078130,국일제지
307750,국전약품
002720,국제약품보통주
035080,그래디언트
114090,그랜드코리아레저보통주
900290,그레이트리치과기유한공사
453450,그리드위즈
204020,그리티
402490,그린리소스
114450,그린생명과학
083420,그린케미칼보통주
186230,그린플러스
014530,극동유화보통주
083450,글로벌스탠다드테크놀로지
900070,글로벌에스엠테크리미티드
204620,글로벌텍스프리
019660,글로본
014280,금강공업보통주
053260,금강철강
008870,금비보통주
282720,금양그린파워
001570,금양보통주
002990,금호건설보통주
011780,금호석유화학보통주
214330,금호에이치티보통주
001210,금호전기보통주
073240,금호타이어보통주
036190,금화피에스시
049080,기가레인
420770,기가비스
035460,기산텔레콤
092440,기신정기 보통주
000270,기아보통주
456700,길교이앤씨
013700,까뮤이앤씨보통주
004540,깨끗한나라보통주
407400,꿈비
187790,나노
121600,나노신소재
286750,나노실리칸첨단소재
247660,나노씨엠에스
039860,나노엔텍
091970,나노캠텍
417010,나노팀
244880,나눔테크
405920,나라셀라
288490,나라소프트
051490,나라엠앤디
137080,나래나노텍
190510,나무가
242040,나무기술
459510,나우로보틱스
293580,나우아이비캐피탈
257990,나우코스
138610,나이벡
130580,나이스디앤비
036800,나이스정보통신
030190,나이스평가정보보통주
267320,나인테크
001260,남광토건보통주
008350,남선알미늄보통주
004270,남성보통주
003920,남양유업보통주
025860,남해화학보통주
111710,남화산업
091590,남화토건
168330,내츄럴엔도텍
094860,네오리진
253590,네오셈
212560,네오오토
095660,네오위즈
042420,네오위즈홀딩스
950220,네오이뮨텍
311390,네오크레마
085910,네오티스
092730,네오팜
290660,네오펙트
306620,네온테크
153460,네이블
007390,네이처셀
033640,네패스
330860,네패스아크
351320,넥사다이내믹스
005720,넥센보통주
002350,넥센타이어보통주
089140,넥스턴바이오사이언스
389650,넥스트바이오메디컬
137940,넥스트아이
160550,넥스트엔터테인먼트월드
396270,넥스트칩
348210,넥스틴
092790,넥스틸보통주
225570,넥슨게임즈
205500,넥써쓰
217270,넵튠
251270,넷마블보통주
317860,노드메이슨
104620,노랑풍선
090350,노루페인트 보통주
000320,노루홀딩스보통주
473980,노머스
194700,노바렉스
285490,노바텍
145170,노브랜드
229500,노브메타파마
106520,노블엠앤비
376930,노을
006280,녹십자보통주
142280,녹십자엠에스
234690,녹십자웰빙
005250,녹십자홀딩스보통주
004370,농심보통주
072710,농심홀딩스보통주
154030,농업회사법인 아시아종묘
054050,농업회사법인 엔에이치농우바이오
403490,농업회사법인 우듬지팜
069140,누리플랜
040160,누리플렉스
332290,누보
348340,뉴로메카
380550,뉴로핏
060260,뉴보텍
463020,뉴엔에이아이
123840,뉴온
012340,뉴인텍
462310,뉴키즈온
270870,뉴트리
144960,뉴파워프라즈마
085670,뉴프렉스
064260,다날
340360,다보링크
039560,다산네트웍스
154040,다산솔루에타
058730,다스코보통주
030210,다올투자증권보통주
023590,다우기술보통주
032190,다우데이타
323350,다원넥스뷰
068240,다원시스
145210,다이나믹디자인보통주
483650,달바글로벌보통주
464580,닷밀
019680,대교보통주
006370,대구백화점보통주
008060,대덕보통주
353200,대덕전자보통주
178600,대동고려삼 주식회사
020400,대동금속
008830,대동기어
000490,대동보통주
048470,대동스틸
008110,대동전자보통주
004780,대륙제관
005750,대림바스보통주
017650,대림제지
006570,대림통상보통주
389260,대명에너지
317850,대모엔지니어링
290670,대보마그네틱
078140,대봉엘에스
065150,대산에프앤비
001680,대상보통주
084690,대상홀딩스 보통주
036480,대성미생물연구소
128820,대성산업보통주
117580,대성에너지보통주
027830,대성창업투자
104040,대성파인텍
129920,대성하이텍
016710,대성홀딩스보통주
457630,대신밸런스제16호기업인수목적
471050,대신밸런스제17호기업인수목적
478780,대신밸런스제18호기업인수목적
482690,대신밸런스제19호기업인수목적
0030R0,대신밸류리츠위탁관리부동산투자회사보통주
020180,대신정보통신
003540,대신증권보통주
045390,대아티아이
009190,대양금속보통주
108380,대양전기공업
014160,대영포장보통주
047040,대우건설보통주
003090,대웅보통주
069620,대웅제약보통주
007680,대원
000430,대원강업보통주
048910,대원미디어
005710,대원산업
006340,대원전선보통주
003220,대원제약보통주
024890,대원화성보통주
290380,대유
002880,대유에이텍
120240,대정화금
003310,대주산업
114920,대주이엔티 주식회사
078600,대주전자재료
393970,대진첨단소재
015230,대창단조보통주
012800,대창보통주
096350,대창솔루션
140520,대창스틸
131220,대한과학
010170,대한광통신
054670,대한뉴팜
001070,대한방직보통주
023910,대한약품공업
006650,대한유화보통주
001440,대한전선보통주
084010,대한제강 보통주
001790,대한제당보통주
001130,대한제분보통주
439260,대한조선보통주
003490,대한항공보통주
005880,대한해운보통주
003830,대한화섬보통주
016090,대현보통주
069460,대호에이엘보통주
021040,대호특수강
067080,대화제약
043090,더 테크놀로지
298540,더네이쳐홀딩스
032860,더라미
214610,더바이오메드
475560,더본코리아보통주
192080,더블유게임즈보통주
393890,더블유씨피
299170,더블유에스아이
089230,더이앤엠
012510,더존비즈온보통주
462860,더즌
224060,더코디
302920,더콘텐츠온
013720,더큐브앤
213420,덕산네오룩스
317330,덕산테코피아
077360,덕산하이메탈
004830,덕성보통주
090410,덕신이피씨
263600,덕우전자
194480,데브시스터즈
373160,데이원컴퍼니
263800,데이타솔루션
199150,데이터스트림즈
206560,덱스터스튜디오
261200,덴티스
145720,덴티움보통주
227420,도부
484120,도우인시스
067990,도이치모터스
002150,도화엔지니어링보통주
006620,동구바이오제약
005160,동국산업
303810,동국생명과학
460850,동국씨엠보통주
075970,동국알앤에스
100130,동국에스엔씨
460860,동국제강보통주
086450,동국제약
001230,동국홀딩스보통주
240550,동방메디컬
004140,동방보통주
099410,동방선기
007590,동방아그로보통주
005960,동부건설보통주
026960,동서보통주
002210,동성제약보통주
102260,동성케미컬보통주
033500,동성화인텍
025950,동신건설
000640,동아쏘시오홀딩스보통주
170900,동아에스티보통주
088130,동아엘텍
028100,동아지질보통주
041930,동아화성
084670,동양고속보통주
001520,동양보통주
082640,동양생명보험보통주
060380,동양에스텍
079960,동양이엔피
008970,동양철관보통주
228340,동양파일
088910,동우팜투테이블
094170,동운아나텍
013120,동원개발
018500,동원금속보통주
006040,동원산업보통주
030720,동원수산보통주
014820,동원시스템즈보통주
111380,동인기연보통주
163560,동일고무벨트보통주
109860,동일금속
032960,동일기연
004890,동일산업보통주
023790,동일스틸럭스
002690,동일제강보통주
005290,동진쎄미켐
025900,동화기업
000020,동화약품보통주
454910,두산로보틱스보통주
241560,두산밥캣보통주
000150,두산보통주
034020,두산에너빌리티보통주
131970,두산테스나
336260,두산퓨얼셀보통주
016740,두올보통주
073190,듀오백
176750,듀켐바이오
030350,드래곤플라이
203650,드림시큐리티
223250,드림씨아이에스
060570,드림어스컴퍼니
362990,드림인사이트
192650,드림텍보통주
016670,디모아
187870,디바이스
477760,디비금융제12호기업인수목적
489730,디비금융제13호기업인수목적
0004Y0,디비금융제14호기업인수목적
024090,디씨엠보통주
003160,디아이보통주
092200,디아이씨 보통주
110990,디아이티
004840,디알비동일보통주
263690,디알젬
214680,디알텍
347850,디앤디파마텍
377190,디앤디플랫폼리츠보통주
263720,디앤씨미디어
376300,디어유
241520,디에스씨인베스트먼트
109740,디에스케이
031860,디에이치엑스컴퍼니
000300,디에이치오토넥스보통주
290120,디에이치오토리드
025440,디에이치오토웨어
196490,디에이테크놀로지
066900,디에이피
180400,디엑스앤브이엑스
092070,디엔에프
007340,디엔오토모티브보통주
068790,디엠에스
039840,디오
024900,디와이덕양보통주
219550,디와이디
013570,디와이보통주
310870,디와이씨
210540,디와이파워보통주
092780,디와이피보통주
104460,디와이피엔에프
079810,디이엔티
113810,디젠스
043360,디지아이
099520,디지아이티엑스
197140,디지캡
068930,디지털대성
033130,디지틀조선일보
060900,디지피
105740,디케이락
263020,디케이앤디
015590,디케이엠이보통주
290550,디케이티
066670,디티씨
187220,디티앤씨
383930,디티앤씨알오
131180,딜리
315640,딥노이드
223310,딥마인드플랫폼
317120,라닉스
462510,라메디텍
042510,라온시큐어
232680,라온테크
418420,라온텍
300120,라온피플
171120,라이온켐텍
388790,라이콤
214260,라파스
403360,라피치
171010,램테크놀러지
084650,랩지노믹스
217500,러셀
092590,럭스피아
038390,레드캡투어
294140,레몬
443250,레뷰코퍼레이션
228670,레이
228850,레이언스
412350,레이저쎌
199550,레이저옵텍
281740,레이크머티리얼즈
277810,레인보우로보틱스
215100,로보로보
090360,로보스타
238500,로보쓰리에이아이
108490,로보티즈
900260,로스웰인터내셔널
223220,로지스몬
067730,로지시스
071280,로체시스템즈
376900,로킷헬스케어
032350,롯데관광개발 보통주
089860,롯데렌탈보통주
330590,롯데리츠보통주
000400,롯데손해보험보통주
023530,롯데쇼핑 보통주
020150,롯데에너지머티리얼즈보통주
280360,롯데웰푸드보통주
286940,롯데이노베이트보통주
004000,롯데정밀화학보통주
004990,롯데지주보통주
005300,롯데칠성음료보통주
011170,롯데케미칼보통주
071840,롯데하이마트보통주
328130,루닛
038060,루멘스
474170,루미르
162120,루켄테크놀러지스
253610,루트락
141080,리가켐 바이오사이언스
058470,리노공업
016100,리더스코스메틱
012700,리드코프
302550,리메드
073570,리튬포어스
377450,리파인
277070,린드먼아시아인베스트먼트
042500,링네트
193250,링크드
474650,링크솔루션
219420,링크제니시스
439090,마녀공장
027740,마니커보통주
195500,마니커에프앤지
357430,마스턴프리미어리츠보통주
377480,마음에이아이
305090,마이크로디지탈
448780,마이크로엔엑스
424980,마이크로투나노
169330,마크로밀엠브레인
038290,마크로젠
001080,만호제강보통주
267980,매일유업
005990,매일홀딩스
093520,매커스
088980,맥쿼리한국인프라투융자회사 보통주
179720,머니무브
100590,머큐리
067280,멀티캠퍼스
072870,메가스터디
215200,메가스터디교육
133750,메가엠디
446540,메가터치
235980,메드팩토
200580,메디쎄이
041920,메디아나
233250,메디안디노스틱
014100,메디앙스
236340,메디젠휴먼케어
054180,메디콕스
086900,메디톡스
078160,메디포스트
138040,메리츠금융지주회사보통주
408920,메쎄이상
021880,메이슨캐피탈
140410,메지온
241770,메카로
090370,메타랩스보통주
059210,메타바이오메드
118000,메타케어보통주
058110,멕아이씨에스
017180,명문제약 보통주
009900,명신산업보통주
012690,모나리자보통주
005360,모나미보통주
070960,모나용평보통주
434480,모니터랩
080420,모다이노칩
417970,모델솔루션
080160,모두투어네트워크
087260,모바일어플라이언스
101330,모베이스
012860,모베이스전자
363260,모비데이즈
348030,모비릭스
250060,모비스
288980,모아데이타
142760,모아라이프플러스
033200,모아텍
333050,모코엠시스
009680,모토닉보통주
118990,모트렉스
463480,모티브링크
006920,모헨즈
001810,무림에스피
009200,무림페이퍼보통주
009580,무림피앤피보통주
322970,무진메디
033920,무학보통주
008420,문배철강보통주
279600,미디어젠
095500,미래나노텍
254490,미래반도체
025560,미래산업보통주
218150,미래생명자원
007120,미래아이앤지보통주
396690,미래에셋글로벌리츠보통주
442900,미래에셋드림기업인수목적1호 주식회사
357250,미래에셋맵스리츠보통주
094800,미래에셋맵스아시아퍼시픽부동산공모1호
100790,미래에셋벤처투자
446190,미래에셋비전기업인수목적2호
448830,미래에셋비전기업인수목적3호
477380,미래에셋비전기업인수목적4호
477470,미래에셋비전기업인수목적5호
478440,미래에셋비전기업인수목적6호
482680,미래에셋비전기업인수목적7호
085620,미래에셋생명보험보통주
006800,미래에셋증권보통주
208890,미래엔에듀파트너
049950,미래컴퍼니
207760,미스터블루
081660,미스토홀딩스보통주
002840,미원상사보통주
268280,미원스페셜티케미칼보통주
107590,미원홀딩스 보통주
134380,미원화학보통주
351020,미쥬
003650,미창석유공업보통주
059090,미코
201490,미투온
475460,미트박스글로벌
452200,민테크
206640,바디텍메드
018700,바른손
035620,바른손이앤에이
354390,바스칸바이오제약
053030,바이넥스
301300,바이브컴퍼니
377740,바이오노트보통주
064550,바이오니아
314930,바이오다인
489460,바이오비쥬
086820,바이오솔루션
038460,바이오스마트
251120,바이오에프디엔씨
199730,바이오인프라
266470,바이오인프라생명과학
289170,바이오텐
086040,바이오톡스텍
188040,바이오포트코리아
199290,바이오프로테크
099430,바이오플러스
032980,바이온
308080,바이젠셀
043150,바텍
323990,박셀바이오
003610,방림보통주
267790,배럴
046310,백금티앤에이
035150,백산보통주
331520,밸로프
199480,뱅크웨어글로벌
438700,버넥트
066410,버킷스튜디오
002410,범양건영보통주
382900,범한퓨얼셀
206400,베노티앤알
019010,베뉴지
177350,베셀
457600,벡트
424760,벨로크
007210,벽산보통주
250000,보라티알
002760,보락보통주
003850,보령보통주
310210,보로노이
006910,보성파워텍
000890,보해양조보통주
226340,본느
206950,볼빅
008470,부-스타
003000,부광약품보통주
001270,부국증권보통주
026940,부국철강 보통주
014470,부방
011390,부산산업보통주
005030,부산주공보통주
338220,뷰노
100120,뷰웍스
406820,뷰티스킨
099390,브레인즈컴퍼니
064480,브리지텍
288330,브릿지바이오테라퓨틱스
365900,브이씨
089970,브이엠
251630,브이원텍
018290,브이티
478560,블랙야크아이앤씨
439580,블루엠텍
033560,블루콤
191600,블루탑
369370,블리츠웨이엔터테인먼트
126340,비나텍
121800,비덴트
082800,비보존제약
318410,비비씨
002070,비비안보통주
100220,비상교육 보통주
419540,비스토스
146320,비씨엔씨
200780,비씨월드제약
413640,비아이매트릭스
141000,비아트론
090460,비에이치보통주
083650,비에이치아이
139050,비에프랩스
473370,비엔케이제2호기업인수목적
065170,비엘팜텍
086670,비엠티
335890,비올
230980,비유테크놀러지
126600,비지에프에코머티리얼즈
082920,비츠로셀
054220,비츠로시스
042370,비츠로테크
050090,비케이홀딩스
148780,비큐에이아이
307870,비투엔
377030,비트맥스
032850,비트컴퓨터
238200,비피도
093190,빅솔론
065450,빅텍
044480,빌리언스
005180,빙그레보통주
069540,빛과전자
072950,빛샘전자
266170,뿌리깊은나무들
451250,삐아
143240,사람인
466410,사이냅소프트
003960,사조대림보통주
008040,사조동아원보통주
007160,사조산업보통주
014710,사조씨푸드보통주
006090,사조오양보통주
452430,사피엔반도체
419120,산돌
062040,산일전기보통주
122350,삼기
419050,삼기에너지솔루션즈
014970,삼륭물산
018310,삼목에스폼
012210,삼미금속
053700,삼보모터스
009620,삼보산업
023600,삼보판지
001470,삼부토건보통주
028050,삼성E&A보통주
448730,삼성FN리츠보통주
006400,삼성SDI보통주
006660,삼성공조보통주
448740,삼성기업인수목적8호
028260,삼성물산보통주
207940,삼성바이오로직스보통주
032830,삼성생명보험보통주
018260,삼성에스디에스보통주
009150,삼성전기보통주
005930,삼성전자보통주
001360,삼성제약
010140,삼성중공업보통주
016360,삼성증권보통주
068290,삼성출판사보통주
029780,삼성카드 보통주
000810,삼성화재해상보험보통주
006110,삼아알미늄보통주
009300,삼아제약
145990,삼양사보통주
003230,삼양식품보통주
482630,삼양엔씨켐
036670,삼양케이씨아이
002170,삼양통상보통주
272550,삼양패키징보통주
000070,삼양홀딩스보통주
060310,삼에스코리아
002810,삼영무역보통주
003720,삼영보통주
361670,삼영에스앤씨
054540,삼영엠텍
065570,삼영이엔씨
005680,삼영전자공업보통주
023000,삼원강재 보통주
004380,삼익THK보통주
002450,삼익악기보통주
032280,삼일
002290,삼일기업공사
004440,삼일씨엔에스보통주
000520,삼일제약보통주
009770,삼정펄프 보통주
037460,삼지전자
032750,삼진
054090,삼진엘앤디
005500,삼진제약보통주
000250,삼천당제약
004690,삼천리보통주
024950,삼천리자전거
038500,삼표시멘트
437730,삼현
017480,삼현철강
010960,삼호개발 보통주
046390,삼화네트웍스
004450,삼화왕관보통주
009470,삼화전기보통주
011230,삼화전자공업보통주
001820,삼화콘덴서공업보통주
000390,삼화페인트공업보통주
027580,상보
038540,상상인
452670,상상인제4호기업인수목적
001290,상상인증권보통주
041650,상신브레이크보통주
091580,상신이디피
263810,상신전자
089980,상아프론테크
042940,상지건설
042600,새로닉스
075180,새론오토모티브
107600,새빗켐
411080,샌즈랩
252990,샘씨엔에스
007540,샘표보통주
248170,샘표식품보통주
378800,샤페론
294630,서남
038070,서린바이오사이언스
006730,서부티엔디
079650,서산
100660,서암기계공업
007860,서연보통주
200880,서연이화보통주
019770,서연탑메탈
017390,서울도시가스보통주
043710,서울리거
092190,서울바이오시스
046890,서울반도체
031210,서울보증보험보통주
004410,서울식품공업보통주
063170,서울옥션
027040,서울전자통신
018680,서울제약
036120,서울평가정보
021050,서원보통주
093920,서원인텍
189860,서전기전
178320,서진시스템
122690,서진오토모티브
140070,서플러스글로벌
011370,서한
065710,서호전기
008490,서흥보통주
035890,서희건설
357550,석경에이티
003100,선광
007610,선도전기보통주
067370,선바이오
217620,선샤인푸드
002820,선앤엘보통주
171090,선익시스템
136490,선진보통주
086710,선진뷰티사이언스
014620,성광벤드
037350,성도이엔지
014910,성문전자보통주
004980,성신양회보통주
011300,성안머티리얼스보통주
458650,성우
081580,성우전자
045300,성우테크론
015750,성우하이텍
365340,성일하이텍
000180,성창기업지주보통주
080470,성창오토텍
043260,성호전자
148150,세경하이테크
002420,세기상사보통주
188260,세니젠
053060,세동
340440,세림비앤지
017510,세명전기공업
004360,세방보통주
004490,세방전지보통주
011560,세보엠이씨
267080,세븐브로이맥주
396300,세아메카닉스
001430,세아베스틸지주보통주
306200,세아제강보통주
003030,세아제강지주보통주
019440,세아특수강보통주
058650,세아홀딩스보통주
013000,세우글로벌보통주
100700,세운메디칼
024830,세원물산
091090,세원이앤씨보통주
021820,세원정공보통주
067830,세이브존I&C보통주
258830,세종메디칼
036630,세종텔레콤
039310,세중
075580,세진중공업보통주
067770,세진티에스
053450,세코닉스
222810,세토피아
252500,세화피앤씨
321370,센서뷰
347000,센코
331920,셀레믹스
352770,셀레스트라
471820,셀로맥스사이언스
049180,셀루메드
299660,셀리드
108860,셀바스에이아이
208370,셀바스헬스케어
318160,셀바이오휴먼텍
308430,셀비온
068270,셀트리온보통주
068760,셀트리온제약
068940,셀피글로벌
007720,소노스퀘어
060230,소니드
290690,소룩스
950200,소마젠
032680,소프트센
258790,소프트캠프
066910,손오공
215090,솔디펜스
336370,솔루스첨단소재보통주
248070,솔루엠보통주
035610,솔본
357780,솔브레인
036830,솔브레인홀딩스
304100,솔트룩스
328380,솔트웨어
004430,송원산업보통주
086980,쇼박스
017550,수산세보틱스보통주
050960,수산아이앤티
126720,수산인더스트리보통주
084180,수성웹툰
253840,수젠텍
067160,숲
298830,슈어소프트테크
236200,슈프리마
094840,슈프리마에이치큐
192440,슈피겐코리아
424960,스마트레이더시스템
099440,스맥
357880,스카이월드와이드
276040,스코넥엔터테인먼트
204210,스타에스엠자기관리부동산투자회사보통주
060240,스타코링크
115570,스타플렉스
330730,스톤브릿지벤처스
352090,스톰테크
204630,스튜디오 산타클로스 엔터테인먼트
253450,스튜디오드래곤 주식회사
408900,스튜디오미르
415380,스튜디오삼익
026890,스틱인베스트먼트보통주
013810,스페코
347700,스피어
049830,승일
020710,시공테크
033170,시그네틱스
048870,시너지이노베이션
025320,시노펙스
134790,시디즈보통주
340810,시선에이아이
269620,시스웍
000480,시알홀딩스보통주
056090,시지메드텍
429270,시지트로닉스
418250,시큐레터
131090,시큐브
462870,시프트업보통주
016590,신대양제지보통주
290520,신도기연
029530,신도리코보통주
004970,신라교역보통주
001000,신라섬유
025870,신라에스지
215600,신라젠
065350,신성델타테크
416180,신성에스티
011930,신성이엔지보통주
005390,신성통상보통주
004170,신세계보통주
035510,신세계아이앤씨 보통주
031430,신세계인터내셔날보통주
031440,신세계푸드보통주
006880,신송홀딩스보통주
162300,신스틸
290560,신시웨이
002800,신신제약
005800,신영와코루보통주
001720,신영증권보통주
472220,신영해피투모로우제10호기업인수목적
430220,신영해피투모로우제8호기업인수목적
009270,신원보통주
017000,신원종합개발
002700,신일전자보통주
012790,신일제약
138070,신진에스엠
226330,신테카바이오
002870,신풍보통주
019170,신풍제약보통주
481850,신한글로벌액티브리츠보통주
055550,신한금융지주회사보통주
404990,신한서부티엔디리츠보통주
293940,신한알파리츠보통주
452980,신한제11호기업인수목적
474660,신한제12호기업인수목적
474930,신한제13호기업인수목적
487360,신한제14호기업인수목적
487830,신한제15호기업인수목적
496070,신한제16호기업인수목적
056700,신화인터텍
187270,신화콘텍
004080,신흥보통주
243840,신흥에스이씨
257720,실리콘투
222800,심텍
036710,심텍홀딩스
444530,심플랫폼
234030,싸이닉솔루션
160980,싸이맥스
356890,싸이버원
217330,싸이토젠
102280,쌍방울
004770,써니전자보통주
217320,썬테크
208640,썸에이지
222420,쎄노텍
037760,쎄니트
081180,쎄크
099320,쎄트렉아이
049960,쎌바이오텍
088280,쏘닉스
403550,쏘카보통주
050890,쏠리드
394800,쓰리빌리언
177900,쓰리에이로직스
475400,씨메스
109670,씨싸이트
066790,씨씨에스충북방송
222080,씨아이에스
004920,씨아이테크보통주
236030,씨알푸드
103660,씨앗
352480,씨앤씨인터내셔널
245450,씨앤에스링크
264660,씨앤지하이테크
352700,씨앤투스
056730,씨앤티85
458870,씨어스테크놀로지
065770,씨에스
297090,씨에스베어링
083660,씨에스에이코스믹
112610,씨에스윈드보통주
900120,씨엑스아이헬스케어테크놀리지그룹리미티드
359090,씨엔알리서치
115530,씨엔플러스
115480,씨유메디칼시스템
376290,씨유테크
189330,씨이랩
000120,씨제이대한통운보통주
311690,씨제이바이오사이언스
079160,씨제이씨지브이 보통주
035760,씨제이이엔엠
097950,씨제이제일제당 주식회사 보통주
051500,씨제이프레시웨이
096530,씨젠
083790,씨지인바이츠
480370,씨케이솔루션보통주
101240,씨큐브
060590,씨티씨바이오
308170,씨티알모빌리티보통주
260930,씨티케이
413630,씨피시스템
013990,아가방앤컴퍼니
123860,아나패스
025980,아난티
008700,아남전자보통주
125210,아모그린텍
090430,아모레퍼시픽 보통주
002790,아모레퍼시픽홀딩스보통주
052710,아모텍
074430,아미노로직스
092040,아미코젠
083930,아바코
149950,아바텍
036010,아비코전자
002030,아세아보통주
183190,아세아시멘트보통주
002310,아세아제지보통주
050860,아세아텍
012170,아센디오보통주
136410,아셈스
246720,아스타
450950,아스테라시스
067390,아스트
159010,아스플로
127710,아시아경제
267850,아시아나IDT보통주
020560,아시아나항공 보통주
227610,아우딘퓨쳐스
331740,아우토크립트
143160,아이디스
054800,아이디스홀딩스
332370,아이디피
066430,아이로보틱스
122900,아이마켓코리아보통주
339950,아이비김영
469750,아이비젼웍스
442770,아이비케이에스제21호기업인수목적
448760,아이비케이에스제22호기업인수목적
467930,아이비케이에스제23호기업인수목적
469480,아이비케이에스제24호기업인수목적
460470,아이빔테크놀로지
099190,아이센스
461300,아이스크림미디어
289010,아이스크림에듀
214430,아이쓰리시스템
040910,아이씨디
368600,아이씨에이치
456010,아이씨티케이
052860,아이앤씨테크놀로지
464500,아이언디바이스
010780,아이에스동서보통주
095340,아이에스시
212710,아이에스티이
038880,아이에이
307180,아이엘
101390,아이엠
139130,아이엠금융지주보통주
461030,아이엠비디엑스
052220,아이엠비씨
456570,아이엠지티
451220,아이엠티
447690,아이오바이오
090150,아이윈
123010,아이윈플러스
031310,아이즈비전
462980,아이지넷
185490,아이진
059100,아이컴포넌트
149010,아이케이세미콘
262840,아이퀘스트
175250,아이큐어
052460,아이크래프트
119830,아이텍
052770,아이톡시
124500,아이티센글로벌
031820,아이티센씨티에스보통주
010280,아이티센엔텍
243870,아이티센코어
232830,아이티센피엔에스
372800,아이티아이즈
084850,아이티엠반도체
114840,아이패밀리에스씨
139990,아주스틸보통주
027360,아주아이비투자
032080,아즈텍더블유비이
013310,아진산업
059120,아진엑스텍
009320,아진전자부품보통주
203690,아크솔루션스
158430,아톤
200350,아티스트스튜디오
321820,아티스트컴퍼니
149300,아퓨어스
102950,아하
001540,안국약품
053800,안랩
251280,안지오랩
065660,안트로젠
297570,알로이스
001780,알루코 보통주
260660,알리코제약
354320,알멕
361570,알비더블유
131370,알서포트
140670,알에스오토메이션
327260,알에프머트리얼즈
096610,알에프세미
474610,알에프시스템즈
218410,알에프에이치아이씨
061040,알에프텍
148250,알엔투테크놀로지
347860,알체라
196170,알테오젠
123750,알톤
085810,알티캐스트
043100,알파녹스
117670,알파칩스
314140,알피바이오
291650,압타머사이언스
293780,압타바이오
018250,애경산업보통주
161000,애경케미칼보통주
390110,애니메디솔루션
310200,애니플러스
179530,애드바이오텍
900100,애머릿지코퍼레이션
052790,액토즈소프트
290740,액트로
238090,앤디포스
092600,앤씨앤
129890,앱코
174900,앱클론 주식회사
270520,앱트뉴로사이언스
255440,야스
030960,양지사
102120,어보브반도체
238120,얼라인드제네틱스
224810,엄지하우스
019990,에너토크
011090,에넥스보통주
435570,에르코스 농업회사법인
270660,에브리봇 주식회사
038680,에스넷시스템
137310,에스디바이오센서보통주
217480,에스디생명공학
121890,에스디시스템
099220,에스디엔
304360,에스바이오메딕스
289080,에스브이인베스트먼트
389500,에스비비테크
003080,에스비성보보통주
019550,에스비아이인베스트먼트
034120,에스비에스보통주
042110,에스씨디
246960,에스씨엘사이언스
298060,에스씨엠생명과학
065420,에스아이리소스
270210,에스알바이오텍
103230,에스앤더블류
260970,에스앤디
101490,에스앤에스텍
095910,에스에너지
275630,에스에스알
419530,에스에이엠지엔터테인먼트
031330,에스에이엠티
060540,에스에이티
056190,에스에프에이
036540,에스에프에이반도체
091340,에스엔케이폴리텍
005850,에스엘보통주
246250,에스엘에스바이오
063440,에스엠라이프디자인그룹
010580,에스엠벡셀보통주
460870,에스엠씨지
041510,에스엠엔터테인먼트
048550,에스엠컬처앤콘텐츠
007820,에스엠코어
464080,에스오에스랩
109610,에스와이
365330,에스와이스틸텍
012750,에스원보통주
019590,에스유앤피
306040,에스제이그룹
033530,에스제이지세종보통주
217910,에스제이켐
004060,에스지세계물산보통주
016250,에스지씨이앤씨
049470,에스지에이
184230,에스지에이 솔루션즈
040610,에스지엔지
255220,에스지이
398120,에스지헬스케어
006120,에스케이디스커버리보통주
302440,에스케이바이오사이언스보통주
326030,에스케이바이오팜보통주
475150,에스케이이터닉스보통주
457940,에스케이증권제10호기업인수목적
472230,에스케이증권제11호기업인수목적
473000,에스케이증권제12호기업인수목적
473950,에스케이증권제13호기업인수목적
455910,에스케이증권제9호기업인수목적
000660,에스케이하이닉스보통주
475660,에스켐
096630,에스코넥
069510,에스텍
234300,에스트래픽
039440,에스티아이
098660,에스티오
052020,에스티큐브
237690,에스티팜
050760,에스폴리텍
288620,에스퓨얼셀
443670,에스피소프트
317830,에스피시스템스
058610,에스피지
043340,에쎈테크
023960,에쓰씨엔지니어링보통주
163280,에어레인
298690,에어부산보통주
054630,에이디칩스
200710,에이디테크놀로지
475580,에이럭스
096690,에이루트
078520,에이블씨엔씨보통주
298380,에이비엘바이오
203400,에이비온
195990,에이비프로바이오
003800,에이스침대
088800,에이스테크놀로지
241840,에이스토리
364950,에이아이코리아
453860,에이에스텍
312610,에이에프더블류
015260,에이엔피보통주
172670,에이엘티
495900,에이엠시지
234070,에이원알폼
481070,에이유브랜즈
140910,에이자기관리부동산투자회사보통주
445090,에이직랜드
039570,에이치디씨랩스보통주
089470,에이치디씨현대이피보통주
009540,에이치디한국조선해양보통주
267270,에이치디현대건설기계보통주
443060,에이치디현대마린솔루션보통주
071970,에이치디현대마린엔진보통주
010620,에이치디현대미포보통주
267250,에이치디현대보통주
322000,에이치디현대에너지솔루션보통주
042670,에이치디현대인프라코어보통주
267260,에이치디현대일렉트릭보통주
329180,에이치디현대중공업보통주
295310,에이치브이엠
297890,에이치비솔루션
440290,에이치비인베스트먼트
078150,에이치비테크놀러지
072990,에이치시티
225530,에이치씨보광산업
060560,에이치씨홈센타
036640,에이치알에스
002460,에이치에스화성보통주
487570,에이치에스효성보통주
298050,에이치에스효성첨단소재보통주
044990,에이치엔에스하이텍
028300,에이치엘비
003580,에이치엘비글로벌보통주
278650,에이치엘비바이오스텝
343090,에이치엘비사이언스
067630,에이치엘비생명과학
187420,에이치엘비제넥스
047920,에이치엘비제약
115450,에이치엘비테라퓨틱스
046210,에이치엘비파나진
196300,에이치엘비펩
239610,에이치엘사이언스
036170,에이치엠넥스
462020,에이치엠씨아이비제6호기업인수목적
477340,에이치엠씨아이비제7호기업인수목적
011200,에이치엠엠보통주
148930,에이치와이티씨
376270,에이치이엠파마
044780,에이치케이
195940,에이치케이이노엔
403870,에이치피에스피
357230,에이치피오
355690,에이텀
071670,에이테크솔루션
045660,에이텍
224110,에이텍모빌리티
021080,에이티넘인베스트먼트
200470,에이팩트
207490,에이펙스인텍
262260,에이프로
003060,에이프로젠바이오로직스보통주
007460,에이프로젠보통주
397030,에이프릴바이오
244920,에이플러스에셋보통주
265520,에이피시스템
278470,에이피알보통주
054620,에이피에스
211270,에이피위성
109960,에이피헬스케어
230240,에치에프알
159910,에코글로우
230360,에코마케팅
038870,에코바이오홀딩스
097780,에코볼트
448280,에코아이
101360,에코앤드림
128540,에코캡
086520,에코프로
450080,에코프로머티보통주
247540,에코프로비엠
383310,에코프로에이치엔
038110,에코플라스틱
073540,에프알텍
064850,에프앤가이드
214270,에프에스엔
036810,에프에스티
173940,에프엔씨엔터테인먼트
083500,에프엔에스테크
446440,에피바이오텍
054940,엑사이엔씨
950130,엑세스바이오
373110,엑셀세라퓨틱스
205100,엑셈
356680,엑스게이트
070300,엑스큐어
317770,엑스페릭스
373200,엑스플러스
069920,엑시온그룹
092870,엑시콘
019490,엑시큐어하이트론보통주
317870,엔바이오니아
067570,엔브이에이치코리아
236810,엔비티
140610,엔솔바이오사이언스
333620,엔시스
101400,엔시트론
036570,엔씨소프트보통주
475230,엔알비
238170,엔에스엠
078860,엔에스이엔엠
224760,엔에스컴퍼니
451700,엔에이치기업인수목적29호
466910,엔에이치기업인수목적30호
481890,엔에이치기업인수목적31호
104200,엔에이치엔벅스
060250,엔에이치엔케이씨피
400760,엔에이치올원리츠보통주
005940,엔에이치투자증권보통주
265740,엔에프씨
053290,엔이능률
354200,엔젠바이오
455900,엔젤로보틱스
419080,엔젯
093510,엔지브이아이
208860,엔지스테크널러지
183490,엔지켐생명과학
085310,엔케이 보통주
182400,엔케이맥스
348370,엔켐
069410,엔텔스
227950,엔투텍
291230,엔피
222160,엔피엑스
048830,엔피케이
096870,엘디티
276240,엘리비젼
900140,엘브이엠씨홀딩스보통주
061970,엘비세미콘
309960,엘비인베스트먼트
290650,엘앤씨바이오
066970,엘앤에프보통주
156100,엘앤케이바이오메드
0041J0,엘에스기업인수목적1호
060370,엘에스마린솔루션
417200,엘에스머트리얼즈
078020,엘에스증권
322180,엘에스티라유텍
311060,엘에이티
108670,엘엑스하우시스보통주
383800,엘엑스홀딩스보통주
073110,엘엠에스
083310,엘오티베큠
064400,엘지씨엔에스보통주
037560,엘지헬로비전보통주
037950,엘컴텍
225190,엘케이삼양
489500,엘케이켐
170920,엘티씨
476080,엠83
058630,엠게임
226590,엠디바이스
058970,엠로
097520,엠씨넥스보통주
373170,엠아이큐브솔루션
179290,엠아이텍
484870,엠앤씨솔루션보통주
009780,엠에스씨
123040,엠에스오토텍
432980,엠에프씨
413390,엠오티
032790,엠젠솔루션
033160,엠케이전자
347890,엠투아이코퍼레이션
033310,엠투엔
259630,엠플러스
105550,엣지파운드리
060850,영림원소프트랩
014440,영보화학보통주
143540,영우디에스피
111770,영원무역보통주
009970,영원무역홀딩스보통주
003520,영진약품보통주
000670,영풍보통주
006740,영풍제지보통주
012280,영화금속보통주
265560,영화테크
012160,영흥보통주
036000,예림당
250930,예선테크
053280,예스이십사
122640,예스티
476040,오가노이드사이언스
900300,오가닉티코스메틱스홀딩스컴퍼니리미티드
212310,오건에코텍
045060,오공
192410,오늘이엔엠
080520,오디텍
007310,오뚜기보통주
039830,오로라월드
322310,오로스테크놀로지
046120,오르비텍
475830,오름테라퓨틱
014940,오리엔탈정공
002630,오리엔트바이오보통주
065500,오리엔트정공
271560,오리온보통주
001800,오리온홀딩스보통주
010470,오리콤
417860,오브젠
352910,오비고
053980,오상자이엘
036220,오상헬스케어
052420,오성첨단소재
332190,오션스바이오
052300,오션인더블유
039200,오스코텍
031510,오스템
010060,오씨아이홀딩스보통주
368970,오에스피
138080,오이솔루션
080580,오킨스전자
067170,오텍
353590,오토앤
173130,오파스넷
049480,오픈베이스
394280,오픈엣지테크놀로지
309930,오하임앤컴퍼니
476060,온코닉테라퓨틱스
382150,온코크로스
005320,온타이드보통주
244460,올리패스
226950,올릭스
057540,옴니시스템
131030,옵투스제약
082210,옵트론텍
109080,옵티시스
380540,옵티코어
153710,옵티팜
051390,와이더블유
432430,와이랩
338840,와이바이오로직스
057030,와이비엠넷
122990,와이솔
232140,와이씨
112290,와이씨켐
065530,와이어블
067900,와이엔텍
007530,와이엠
155650,와이엠씨
273640,와이엠텍
251370,와이엠티
209640,와이제이링크
096250,와이즈넛
273060,와이즈버즈
019210,와이지-원
122870,와이지엔터테인먼트
037270,와이지플러스보통주
011690,와이투솔루션보통주
040300,와이티엔
079000,와토스 코리아
316140,우리금융지주보통주
032820,우리기술
041190,우리기술투자
115440,우리넷
046970,우리로
082850,우리바이오
215360,우리산업
072470,우리산업홀딩스
073560,우리손에프앤지 농업회사법인
037400,우리엔터프라이즈
153490,우리이앤엘
101170,우림피티에스
006980,우성보통주
066590,우수AMS
017370,우신시스템보통주
103840,우양
101970,우양에이치씨
046940,우원개발
215380,우정바이오
065680,우주일렉트로닉스
105840,우진보통주
018620,우진비앤지
010400,우진아이엔에스보통주
457550,우진엔텍
049800,우진플라임 보통주
016880,웅진보통주
095720,웅진씽크빅 보통주
396470,워트 주식회사
005820,원림보통주
307280,원바이오젠
032940,원익
104830,원익머트리얼즈
240810,원익아이피에스
014190,원익큐브
074600,원익큐엔씨
217820,원익피앤이
030530,원익홀딩스
012620,원일특강
136150,원일티엔아이
382840,원준
336570,원텍
376980,원티드랩
122830,원포유
008370,원풍
008290,원풍물산
101160,월덱스
336060,웨이버스
095270,웨이브일렉트로닉스
289930,웨이비스
010600,웰바이오텍보통주
065950,웰크론
076080,웰크론한텍
043590,웰킵스하이텍
196700,웹스
069080,웹젠
053580,웹케시
479960,위너스
377460,위니아에이드
044340,위닉스
330350,위더스제약
348350,위드텍
112040,위메이드
101730,위메이드맥스
123420,위메이드플레이
065370,위세아이텍
140660,위월드 주식회사
038620,위즈코프
299900,위지윅스튜디오
036090,위지트
459100,위츠
136540,윈스테크넷
097800,윈팩
192390,윈하이텍
008600,윌비스보통주
335870,윙스풋
900340,윙입푸드홀딩스
014830,유니드 보통주
446070,유니드비티플러스보통주
036200,유니셈
018000,유니슨
047400,유니온머티리얼보통주
203450,유니온바이오메트릭스
000910,유니온보통주
011330,유니켐보통주
077500,유니퀘스트 보통주
011320,유니크
086390,유니테스트
241690,유니테크노
142210,유니트론텍
121060,유니포인트
389680,유디엠텍
088340,유라클
048430,유라테크
206650,유바이오로직스
089850,유비벨록스
495810,유비씨
084440,유비온
032620,유비케어
264450,유비쿼스
078070,유비쿼스홀딩스
002920,유성기업보통주
024800,유성티엔에스
000700,유수홀딩스보통주
054930,유신
069330,유아이디
049520,유아이엘
444920,유안타제11호기업인수목적
446150,유안타제12호기업인수목적
449020,유안타제13호기업인수목적
450940,유안타제14호기업인수목적
473050,유안타제15호기업인수목적
474490,유안타제16호기업인수목적
493790,유안타제17호기업인수목적
003470,유안타증권보통주
263770,유에스티
337840,유엑스엔
072130,유엔젤보통주
000220,유유제약보통주
388720,유일로보틱스
340930,유일에너테크
023410,유진기업
468760,유진기업인수목적10호
488060,유진기업인수목적11호
056080,유진로봇
084370,유진테크
240600,유진테크놀로지
001200,유진투자증권보통주
221800,유투바이오
179900,유티아이
263050,유틸렉스
000100,유한양행보통주
003460,유화증권보통주
191410,육일씨엔에쓰
372170,윤성에프앤씨
146060,율촌
008730,율촌화학보통주
072770,율호
008250,이건산업보통주
039020,이건홀딩스
025820,이구산업보통주
067920,이글루코퍼레이션
044960,이글벳
303530,이노뎁
296640,이노룰스
302430,이노메트리
279060,이노벡스
214320,이노션보통주
462350,이노스페이스
274400,이노시뮬레이션
073490,이노와이어리스
215790,이노인스트루먼트
344860,이노진
088390,이녹스
272290,이녹스첨단소재
053350,이니텍
452400,이닉스
264850,이랜시스
054210,이랜텍
009730,이렘
065440,이루온
088260,이리츠코크렙기업구조조정부동산투자회사보통주
139480,이마트보통주
424870,이뮨온시아
115610,이미지스테크놀로지
478110,이베스트기업인수목적6호
131400,이브이첨단소재
208850,이비테크
351330,이삭엔지니어링
080010,이상네트웍스
379390,이성씨엔아이
457190,이수스페셜티케미컬보통주
086890,이수앱지스
007660,이수페타시스보통주
005950,이수화학보통주
015020,이스타코보통주
047560,이스트소프트
900110,이스트아시아홀딩스인베스트먼트리미티드
239340,이스트에이드
067010,이씨에스텔레콤
093230,이아이디보통주
341310,이앤에치
418620,이에이트
456070,이엔셀
102710,이엔에프테크놀로지
074610,이엔플러스보통주
041520,이엘씨
063760,이엘피
123570,이엠넷
278990,이엠비
083470,이엠앤아이
095190,이엠코리아
091120,이엠텍
232530,이엠티
102460,이연제약보통주
039030,이오테크닉스
294090,이오플로우
245620,이원다이애그노믹스
088290,이원컴포텍
084680,이월드보통주
037370,이지
353810,이지바이오
350520,이지스레지던스리츠보통주
334890,이지스밸류플러스리츠보통주
099750,이지케어텍
377330,이지트로닉스
035810,이지홀딩스
092130,이크레더블
096040,이트론
134060,이퓨쳐
001840,이화공영
000760,이화산업보통주
024810,이화전기공업
014990,인디에프보통주
041830,인바디
352940,인바이오
101140,인바이오젠보통주
216400,인바이츠바이오코아
079950,인베니아
389470,인벤티지랩
277410,인산가
060150,인선이엔티
033230,인성정보
450520,인스웨이브
006490,인스코비보통주
465480,인스피언
037330,인지디스플레이
100030,인지소프트
023800,인지컨트롤스보통주
034590,인천도시가스 보통주
211050,인카금융서비스
083640,인콘
064090,인크레더블버즈
216050,인크로스
049070,인탑스
311960,인터로이드
119610,인터로조
017250,인터엠
129260,인터지스보통주
051370,인터플렉스
064290,인텍플러스
189300,인텔리안테크놀로지스
287840,인투셀
150840,인트로메딕
048530,인트론바이오테크놀로지
023810,인팩보통주
115310,인포바인
039290,인포뱅크
071200,인피니트헬스케어
101930,인화정공
249420,일동제약보통주
000230,일동홀딩스보통주
013360,일성건설보통주
003120,일성아이에스보통주
333430,일승
068330,일신바이오베이스
003200,일신방직보통주
007110,일신석재보통주
007570,일양약품보통주
178780,일월지엠엘
008500,일정실업보통주
019540,일지테크
081000,일진다이아몬드 보통주
020760,일진디스플레이보통주
103590,일진전기 보통주
094820,일진파워
271940,일진하이솔루스보통주
015860,일진홀딩스보통주
226320,잇츠한불보통주
950140,잉글우드랩
049550,잉크테크
389020,자람테크놀로지
254120,자비스
043910,자연과 환경
234920,자이글
289220,자이언트스텝
317400,자이에스앤디보통주
033240,자화전자보통주
174880,장원테크
049630,재영솔루텍
417840,저스템
000950,전방보통주
079900,전진건설로봇보통주
110020,전진바이오팜
208140,정다운
040420,정상제이엘에스
045510,정원엔시스
217190,제너셈
095700,제넥신
122310,제노레이
361390,제노코
066830,제노텍
225220,제놀루션
123330,제닉
381620,제닉스
159580,제로투세븐
147830,제룡산업
033100,제룡전기
079370,제우스
067290,제이더블유신약
054950,제이브이엠
023440,제이스코홀딩스
090470,제이스텍
137950,제이씨케미칼
033320,제이씨현시스템
417500,제이아이테크
348950,제이알글로벌리츠보통주
204270,제이앤티씨
127120,제이에스링크
194370,제이에스코퍼레이션보통주
026040,제이에스티나
452160,제이엔비
126880,제이엔케이글로벌
322510,제이엘케이
254160,제이엠멀티
033050,제이엠아이
094970,제이엠티
418550,제이오
035900,제이와이피엔터테인먼트
025620,제이준코스메틱보통주
420570,제이투케이바이오
089790,제이티
950170,제이티씨
030000,제일기획보통주
052670,제일바이오
271980,제일약품보통주
412540,제일엠앤에스
001560,제일연마공업보통주
199820,제일일렉트릭
038010,제일테크노스
002620,제일파마홀딩스보통주
080220,제주반도체
006220,제주은행보통주
089590,제주항공보통주
216080,제테마
337930,젝시믹스
229000,젠큐릭스
082270,젬백스&카엘
044060,조광아이엘아이
004910,조광페인트보통주
004700,조광피혁보통주
001550,조비보통주
462520,조선내화보통주
120030,조선선재 보통주
034940,조아제약
067000,조이시티
018470,조일알미늄보통주
002600,조흥보통주
063160,종근당바이오보통주
185750,종근당보통주
001630,종근당홀딩스보통주
033340,좋은사람들
036930,주성엔지니어링
109070,주성코퍼레이션보통주
185190,주식회사 수프로
357580,주식회사 아모센스
226400,주식회사 오스테오닉
440320,주식회사 오픈놀
189350,주식회사 코셋
348080,주식회사 큐라티스
023450,주식회사동남합성
002380,주식회사케이씨씨
044380,주연테크 보통주
024110,중소기업은행보통주
072020,중앙백신연구소
000440,중앙에너비스
051980,중앙첨단소재
228760,지노믹트리
314130,지놈앤컴퍼니
013890,지누스보통주
389030,지니너스
263860,지니언스
303030,지니틱스
036180,지더블유바이텍
208350,지란지교시큐리티
289860,지슨
144510,지씨셀
340450,지씨지놈
358570,지아이이노베이션
382480,지아이텍
382800,지앤비에스 에코
299480,지앤이헬스케어
051160,지어소프트
001250,지에스글로벌보통주
007070,지에스리테일보통주
053050,지에스이
499790,지에스피앤엘보통주
076340,지에이이노더스
130500,지에이치신소재
388610,지에프씨생명과학
119850,지엔씨에너지
065060,지엔코
204840,지엘팜텍
013870,지엠비코리아보통주
071320,지역난방공사보통주
311320,지오엘리먼트
388050,지투파워
088790,진도 보통주
018120,진로발효
109820,진매트릭스
086060,진바이오텍
036890,진성티이씨
363250,진시스템
003780,진양산업보통주
007370,진양제약
010640,진양폴리우레탄보통주
100250,진양홀딩스보통주
051630,진양화학보통주
272450,진에어보통주
285800,진영
011000,진원생명과학보통주
250030,진코스텍
002780,진흥기업보통주
233990,질경이
085660,차바이오텍
261780,차백신연구소
900250,차이나크리스탈신소재홀딩스
351870,차이커뮤니케이션
009310,참엔지니어링보통주
094850,참좋은여행
368030,창대정밀
004650,창해에탄올
278280,천보
000650,천일고속보통주
362320,청담글로벌
066360,체리부로
033250,체시스보통주
047820,초록뱀미디어
094360,칩스앤미디어
016920,카스
284620,카이노스메드
293490,카카오게임즈
323410,카카오뱅크보통주
035720,카카오보통주
377300,카카오페이보통주
140430,카티스
042000,카페24
006380,카프로보통주
313760,캐리
317530,캐리소프트
071850,캐스텍코리아
198080,캐프
210120,캔버스엔
050110,캠시스
452300,캡스톤파트너스
451760,컨텍
900310,컬러레이홀딩스
078340,컴투스
063080,컴투스홀딩스
307930,컴퍼니케이파트너스
079190,케스피온
263700,케어랩스
214370,케어젠
221980,케이디켐
038530,케이바이오
415640,케이비발해인프라투융자회사보통주
001620,케이비아이동국실업보통주
024840,케이비아이메탈
455250,케이비제25호기업인수목적 주식회사
464680,케이비제27호기업인수목적
478390,케이비제29호기업인수목적
486630,케이비제30호기업인수목적
492220,케이비제31호기업인수목적
0037T0,케이비제32호기업인수목적
318000,케이비지
192250,케이사인
431190,케이쓰리아이
009440,케이씨그린홀딩스보통주
029460,케이씨보통주
112190,케이씨산업
021320,케이씨씨건설
344820,케이씨씨글라스보통주
115500,케이씨에스
119650,케이씨코트렐보통주
281820,케이씨텍보통주
089150,케이씨티
025880,케이씨피드
093320,케이아이엔엑스
093640,케이알엠
044450,케이에스에스 해운 보통주
101000,케이에스인더스트리
073010,케이에스피
226360,케이에이치건설
111870,케이에이치미래물산
060720,케이에이치바텍
122450,케이엑스이노베이션
052900,케이엑스하이텍
105330,케이엔더블유
053080,케이엔솔
199430,케이엔알시스템
432470,케이엔에스
058400,케이엔엔
272110,케이엔제이
039420,케이엘넷
083550,케이엠
032500,케이엠더블유
225430,케이엠제약
102370,케이옥션
068100,케이웨더
092220,케이이씨 보통주
106080,케이이엠텍
036560,케이젯정밀
046440,케이지모빌리언스
455180,케이지에이
151860,케이지에코솔루션
035600,케이지이니시스
381970,케이카보통주
145270,케이탑리츠보통주
089600,케이티나스미디어
418470,케이티밀리의서재
030200,케이티보통주
053210,케이티스카이라이프
058850,케이티씨에스보통주
058860,케이티아이에스보통주
036030,케이티알파
033780,케이티앤지보통주
043610,케이티지니뮤직
064820,케이프
024880,케이피에프
042040,케이피엠테크
054410,케이피티유
258610,케일럼
274090,켄코아에어로스페이스
402420,켈스
089010,켐트로닉스
220260,켐트로스
176590,코나솔
052400,코나아이
402030,코난테크놀로지
391710,코닉오토메이션
046070,코다코
047770,코데즈컴바인
080530,코디
417310,코람코더원리츠보통주
357120,코람코라이프인프라리츠보통주
104540,코렌텍
027050,코리아나화장품
007810,코리아써키트보통주
190650,코리아에셋투자증권
123410,코리아에프티
003690,코리안리재보험보통주
036690,코맥스
049430,코메론
183300,코미코
041960,코미팜
089890,코세스
360350,코셈
082660,코스나인
192820,코스맥스보통주
044820,코스맥스비티아이 주식회사 보통주
222040,코스맥스엔비티
241710,코스메카코리아
005070,코스모신소재보통주
005420,코스모화학보통주
355150,코스텍시스
169670,코스텍시스템
071950,코아스보통주
166480,코아스템켐온
045970,코아시아
196450,코아시아씨엠
384470,코어라인소프트
003070,코오롱글로벌보통주
450140,코오롱모빌리티그룹보통주
002020,코오롱보통주
102940,코오롱생명과학
138490,코오롱이앤피보통주
120110,코오롱인더스트리보통주
950160,코오롱티슈진
021240,코웨이보통주
033290,코웰패션
056360,코위버
282880,코윈테크
121850,코이즈
448710,코츠테크놀로지
126730,코칩
015710,코콤
052330,코텍
322780,코퍼스코리아
036420,콘텐트리중앙보통주
200130,콜마비앤에이치
024720,콜마홀딩스보통주
294570,쿠콘
192400,쿠쿠홀딩스보통주
284740,쿠쿠홈시스보통주
317690,퀀타매트릭스
227100,퀀텀온
432720,퀄리타스반도체
456190,큐라켐
365270,큐라클
086460,큐러블
060280,큐렉소
372320,큐로셀
051780,큐로홀딩스
115180,큐리언트
445680,큐리옥스바이오시스템즈
182360,큐브엔터테인먼트
405100,큐알티
066310,큐에스아이
136660,큐엠씨
016600,큐캐피탈파트너스
355390,크라우드웍스
264900,크라운제과보통주
005740,크라운해태홀딩스보통주
259960,크래프톤보통주
096240,크레버스
040350,크레오에스지
215570,크로넥스
110790,크리스에프앤씨
045520,크린앤사이언스
214150,클래시스
466100,클로봇
237880,클리오
139670,키네마스터
020120,키다리스튜디오보통주
475430,키스트론
487720,키움제10호기업인수목적
489480,키움제11호기업인수목적
446840,키움제8호기업인수목적
039490,키움증권보통주
054780,키이스트
256940,킵스바이오파마
336040,타스컴
219130,타이거일렉
346010,타이드
318660,타임기술
476710,타조엔터테인먼트
434190,탈로스
336680,탑런토탈솔루션
360070,탑머티리얼
180060,탑선
065130,탑엔지니어링
134580,탑코미디어
014580,태경비케이보통주
015890,태경산업보통주
006890,태경케미컬보통주
023160,태광
003240,태광산업보통주
011280,태림포장보통주
323280,태성
053620,태양
052960,태양3C
004100,태양금속공업보통주
116100,태양기계 주식회사
009410,태영건설보통주
044490,태웅
124560,태웅로직스
001420,태원물산보통주
191420,테고사이언스
073640,테라사이언스
066700,테라젠이텍스
095610,테스
055490,테이팩스보통주
308700,테크엔
064520,테크엘
089030,테크윙
258050,테크트랜스
054450,텔레칩스
078000,텔코웨어 보통주
200230,텔콘알에프제약
214420,토니모리보통주
393210,토마토시스템
475960,토모큐브
215480,토박스코리아
051360,토비스
045340,토탈소프트뱅크
108230,톱텍
079970,투비소프트
199800,툴젠
417790,트루엔
290090,트윔
026150,특수건설
464280,티디에스팜
117730,티로보틱스
033830,티비씨
057680,티사이언티픽
204610,티쓰리엔터테인먼트
125020,티씨머티리얼즈
064760,티씨케이
246710,티앤알바이오팹
340570,티앤엘
043220,티에스넥스젠
277880,티에스아이
131290,티에스이
246690,티에스인베스트먼트
317240,티에스트릴리온
019180,티에이치엔보통주
425420,티에프이
484810,티엑스알로보틱스
131100,티엔엔터테인먼트
356860,티엘비
413300,티엘엔지니어링
002900,티와이엠보통주
363280,티와이홀딩스보통주
321550,티움바이오
091810,티웨이항공보통주
004870,티웨이홀딩스보통주
425040,티이엠씨
241790,티이엠씨씨엔에스
032540,티제이미디어
022220,티케이지애강
069260,티케이지휴켐스보통주
104480,티케이케미칼
081150,티플랙스
007980,티피보통주
130740,티피씨
048770,티피씨메카트로닉스
217880,틸론
084730,팅크웨어
440110,파두
034230,파라다이스보통주
033540,파라텍
388870,파로스아이바이오
043200,파루
214450,파마리서치
217950,파마리서치바이오
208340,파멥신
005690,파미셀보통주
177830,파버나인
037070,파세코
150900,파수
037030,파워넷
047310,파워로직스
266870,파워풀엑스
368770,파이버프로
170790,파이오링크
049120,파인디앤씨
038950,파인디지털
387570,파인메딕스
441270,파인엠텍
106240,파인테크닉스
131760,파인텍
065690,파커스
140860,파크시스템스
091700,파트론
202960,판도라티비
032800,판타지오
318010,팜스빌
036580,팜스코보통주
027710,팜스토리
004720,팜젠사이언스보통주
266350,팡스카이
225590,패션플랫폼
054300,팬스타엔터프라이즈
068050,팬엔터테인먼트
028670,팬오션보통주
222110,팬젠
271830,팸텍
010820,퍼스텍보통주
016800,퍼시스보통주
263750,펄어비스
251970,펌텍코리아
001020,페이퍼코리아보통주
327610,펨토바이오메드
168360,펨트론
087010,펩트론
090080,평화산업 주식회사 보통주
010770,평화홀딩스보통주
064800,포니링크
119500,포메탈
389140,포바이포
105760,포스뱅크
022100,포스코DX보통주
058430,포스코스틸리온보통주
047050,포스코인터내셔널보통주
003670,포스코퓨처엠보통주
005490,포스코홀딩스보통주
189690,포시에스
318020,포인트모바일
256630,포인트엔지니어링
331380,포커스에이아이
208710,포톤
472850,폰드그룹
234100,폴라리스세원
039980,폴라리스에이아이
041910,폴라리스에이아이파마
041020,폴라리스오피스
114630,폴라리스우노
290720,푸드나무
005670,푸드웰
094940,푸른기술
057880,푸른소나무
007330,푸른저축은행
017810,풀무원보통주
093380,풍강
023900,풍국주정공업
103140,풍산 보통주
005810,풍산홀딩스보통주
371950,풍원정밀
370090,퓨런티어
445180,퓨릿
151910,퓨처코어
341170,퓨쳐메디신
220100,퓨쳐켐
035200,프럼파스트
334970,프레스티지바이오로직스
950210,프레스티지바이오파마KDR
321260,프로이천
296160,프로젠
053610,프로텍
468530,프로티나
303360,프로티아
377220,프롬바이오
335810,프리시젼바이오
053160,프리엠스
405000,플라즈맵
041590,플래스크
367000,플래티어
075130,플랜티넷
222670,플럼라인생명과학
009810,플레이그램보통주
237820,플레이디
023770,플레이위드코리아
019570,플루토스투자
300080,플리토
033790,피노
032580,피델릭스
051380,피씨디렉트
241820,피씨엘
452450,피아이이
178920,피아이첨단소재보통주
237750,피앤씨테크
460940,피앤에스로보틱스
332570,피에스일렉트로닉스
319660,피에스케이
031980,피에스케이홀딩스
002230,피에스텍
043370,피에이치에이
239890,피엔에이치테크
347740,피엔케이피부임상연구센타
137400,피엔티
257370,피엔티엠에스
024940,피엔풍년
147760,피엠티
128660,피제이메탈
006140,피제이전자
001340,피케이씨보통주
376180,피코그램
304840,피플바이오
087600,픽셀플러스
291810,핀텔
378340,필에너지
161580,필옵틱스
347770,핌스
163730,핑거
417180,핑거스토리
446750,하나26호기업인수목적
448370,하나27호기업인수목적
454750,하나28호기업인수목적
454640,하나29호기업인수목적
469880,하나30호기업인수목적
469900,하나31호기업인수목적
475240,하나32호기업인수목적
475250,하나33호기업인수목적
484130,하나34호기업인수목적
086790,하나금융지주보통주
299030,하나기술
067310,하나마이크론
166090,하나머티리얼즈
293480,하나제약보통주
039130,하나투어보통주
136480,하림
003380,하림지주
450330,하스
101670,하이드로리튬
365590,하이딥
149980,하이로닉
013030,하이록코리아
352820,하이브보통주
126700,하이비젼시스템
071090,하이스틸 보통주
450050,하이제8호기업인수목적
160190,하이젠알앤엠
221840,하이즈항공
106190,하이텍팜
000080,하이트진로보통주
000140,하이트진로홀딩스보통주
065650,하이퍼코퍼레이션
066130,하츠
004590,한국가구
036460,한국가스공사보통주
039340,한국경제티브이
005430,한국공항보통주
034950,한국기업평가
010040,한국내화보통주
025540,한국단자공업보통주
222980,한국맥널티
010100,한국무브넥스보통주
331660,한국미라클피플사
256840,한국비엔씨
219750,한국비티비
004090,한국석유공업보통주
025550,한국선재
002200,한국수출포장공업보통주
002960,한국쉘석유보통주
017890,한국알콜산업
000240,한국앤컴퍼니보통주
033270,한국유나이티드제약 보통주
080720,한국유니온제약
123890,한국자산신탁보통주
015760,한국전력공사보통주
052690,한국전력기술 보통주
041460,한국전자인증
006200,한국전자홀딩스보통주
101680,한국정밀기계
039740,한국정보공학
053300,한국정보인증
025770,한국정보통신
458610,한국제12호기업인수목적
464440,한국제13호기업인수목적
479880,한국제15호기업인수목적
027970,한국제지보통주
023350,한국종합기술보통주
025890,한국주강보통주
000970,한국주철관공업보통주
104700,한국철강보통주
062970,한국첨단소재
017960,한국카본보통주
023760,한국캐피탈
054040,한국컴퓨터
161890,한국콜마보통주
021650,한국큐빅
161390,한국타이어앤테크놀로지보통주
034830,한국토지신탁보통주
152550,한국투자ANKOR유전해외자원개발특별자산투자회사1호(지분증권)
071050,한국투자금융지주보통주
007280,한국특강보통주
032300,한국파마
037230,한국팩키지
448900,한국피아이엠
047810,한국항공우주산업보통주
123690,한국화장품보통주
003350,한국화장품제조보통주
030520,한글과컴퓨터
052600,한네트
011500,한농화성보통주
002390,한독보통주
256150,한독크린텍
092460,한라아이엠에스
053690,한미글로벌건축사사무소보통주
042700,한미반도체보통주
008930,한미사이언스보통주
128940,한미약품보통주
452190,한빛레이저
047080,한빛소프트
009240,한샘보통주
452280,한선엔지니어링
020000,한섬보통주
003680,한성기업보통주
066980,한성크린텍
105630,한세실업보통주
069640,한세엠케이보통주
016450,한세예스24홀딩스보통주
010420,한솔PNS보통주
009180,한솔로지스틱스보통주
114810,한솔아이원스
070590,한솔인티큐브
213500,한솔제지보통주
014680,한솔케미칼보통주
004710,한솔테크닉스보통주
004150,한솔홀딩스보통주
025750,한솔홈데코보통주
042520,한스바이오메드
004960,한신공영보통주
011700,한신기계공업보통주
430690,한싹
078350,한양디지텍
045100,한양이엔지
001750,한양증권보통주
018880,한온시스템보통주
009420,한올바이오파마보통주
320000,한울반도체
091440,한울소재과학
276730,한울앤제주
014130,한익스프레스보통주
024740,한일단조공업
005860,한일사료
300720,한일시멘트보통주
002220,한일철강보통주
006390,한일현대시멘트보통주
003300,한일홀딩스보통주
007770,한일화학공업
051600,한전KPS 보통주
130660,한전산업개발보통주
198940,한주라이트메탈
058450,한주에이알티
107640,한중엔시에스
002320,한진보통주
003480,한진중공업홀딩스보통주
180640,한진칼보통주
005110,한창보통주
079170,한창산업
009460,한창제지보통주
372910,한컴라이프케어보통주
054920,한컴위드
457370,한켐
002680,한탑
098070,한텍
452260,한화갤러리아보통주
451800,한화리츠보통주
000880,한화보통주
489790,한화비전보통주
088350,한화생명보험보통주
000370,한화손해보험보통주
009830,한화솔루션보통주
272210,한화시스템보통주
012450,한화에어로스페이스보통주
082740,한화엔진보통주
042660,한화오션보통주
003530,한화투자증권보통주
455310,한화플러스제4호기업인수목적
498390,한화플러스제5호기업인수목적
195870,해성디에스보통주
034810,해성산업
059270,해성에어로보틱스
076610,해성옵틱스
101530,해태제과식품주식회사
220180,핸디소프트
143210,핸즈코퍼레이션보통주
900270,헝셩그룹유한회사
214180,헥토이노베이션
234340,헥토파이낸셜
084990,헬릭스미스
000720,현대건설보통주
170030,현대공업
453340,현대그린푸드보통주
086280,현대글로비스보통주
064350,현대로템보통주
079430,현대리바트보통주
012330,현대모비스보통주
319400,현대무벡스
052260,현대바이오랜드
048410,현대바이오사이언스
069960,현대백화점보통주
004560,현대비앤지스틸보통주
016790,현대사료
004310,현대약품보통주
041440,현대에버다임
187660,현대에이디엠바이오
039010,현대에이치티
017800,현대엘리베이터보통주
307950,현대오토에버보통주
011210,현대위아보통주
090850,현대이지웰
005380,현대자동차보통주
004020,현대제철 보통주
005440,현대지에프홀딩스보통주
001500,현대차증권보통주
011760,현대코퍼레이션보통주
227840,현대코퍼레이션홀딩스보통주
126560,현대퓨처넷보통주
001450,현대해상화재보험보통주
057050,현대홈쇼핑보통주
460930,현대힘스
092300,현우산업
138360,협진
308100,형지글로벌
011080,형지아이앤씨
093240,형지엘리트보통주
003010,혜인보통주
111110,호전실업보통주
008770,호텔신라보통주
064240,홈캐스트
039610,화성밸브
378850,화승알앤에이보통주
241590,화승엔터프라이즈보통주
006060,화승인더스트리보통주
013520,화승코퍼레이션보통주
010690,화신보통주
126640,화신정공
133820,화인베스틸보통주
127980,화인써키트
061250,화일약품
010660,화천기계보통주
000850,화천기공보통주
016580,환인제약보통주
032560,황금에스티보통주
004800,효성보통주
094280,효성아이티엑스 보통주
097870,효성오앤비
298040,효성중공업보통주
298020,효성티앤씨보통주
298000,효성화학보통주
093370,후성 보통주
290270,휴네시온
005870,휴니드테크놀러지스보통주
353190,휴럼
090710,휴림로봇
078590,휴림에이텍
205470,휴마시스
115160,휴맥스
028080,휴맥스홀딩스
175140,휴먼테크놀로지
200670,휴메딕스
079980,휴비스보통주
065510,휴비츠
005010,휴스틸보통주
263920,휴엠앤씨
243070,휴온스
084110,휴온스글로벌
145020,휴젤
024060,흥구석유
010240,흥국
189980,흥국에프엔비
000540,흥국화재해상보험보통주
003280,흥아해운보통주
037440,희림종합건축사사무소
238490,힘스
