????,/100/264
??/??,/100/265
??,/100/268
??,/100/266
??/??,/100/267
????,/100/269
??,/101/259
??,/101/258
??/??,/101/261
??/??,/101/771
???,/101/260
??? ??,/101/262
?? ?? ,/101/310
?? ??,/101/263
????,/102/249
??,/102/250
?,/102/251
??,/102/254
??,/102/252
??/??,/102/59b
??/??,/102/255
??,/102/256
??,/102/276
?? ??,/102/257
????,/103/241
???/???,/103/239
??/??,/103/240
??/??,/103/237
??/??,/103/238
??/??,/103/376
??/??,/103/242
?,/103/243
??,/103/244
??,/103/248
???? ??,/103/245
???,/105/731
???/SNS,/105/226
??/????,/105/227
IT ??,/105/230
??/??,/105/732
???,/105/283
??/??,/105/229
?? ??,/105/228
???/??,/104/231
??/???,/104/232
??,/104/233
??/????,/104/234
?? ??,/104/322
